<?xml version="1.0" encoding="UTF-8" standalone="no"?>
<!DOCTYPE properties SYSTEM "http://java.sun.com/dtd/properties.dtd">
<properties>
<entry key="nameBox_1_x">7</entry>
<entry key="nameBox_1_y">150</entry>
<entry key="nameBox_2_x">140</entry>
<entry key="nameBox_2_y">40</entry>
<entry key="nameBox_3_x">338</entry>
<entry key="nameBox_3_y">35</entry>
<entry key="nameBox_4_x">535</entry>
<entry key="nameBox_4_y">40</entry>
<entry key="nameBox_5_x">668</entry>
<entry key="nameBox_5_y">150</entry>
<entry key="nameBox_6_x">668</entry>
<entry key="nameBox_6_y">378</entry>
<entry key="nameBox_7_x">535</entry>
<entry key="nameBox_7_y">490</entry>
<entry key="nameBox_8_x">338</entry>
<entry key="nameBox_8_y">495</entry>
<entry key="nameBox_9_x">140</entry>
<entry key="nameBox_9_y">490</entry>
<entry key="nameBox_10_x">7</entry>
<entry key="nameBox_10_y">378</entry>
<entry key="statistics_width">70</entry>
<entry key="statistics_backgroundColor">64,64,64,255</entry>
<entry key="statistics_normalTextColor">255,255,255,255</entry>
<entry key="statistics_1_x">17</entry>
<entry key="statistics_1_y">225</entry>
<entry key="statistics_2_x">69</entry>
<entry key="statistics_2_y">25</entry>
<entry key="statistics_3_x">267</entry>
<entry key="statistics_3_y">25</entry>
<entry key="statistics_4_x">464</entry>
<entry key="statistics_4_y">25</entry>
<entry key="statistics_5_x">720</entry>
<entry key="statistics_5_y">38</entry>
<entry key="statistics_6_x">721</entry>
<entry key="statistics_6_y">266</entry>
<entry key="statistics_7_x">661</entry>
<entry key="statistics_7_y">490</entry>
<entry key="statistics_8_x">464</entry>
<entry key="statistics_8_y">490</entry>
<entry key="statistics_9_x">267</entry>
<entry key="statistics_9_y">490</entry>
<entry key="statistics_10_x">17</entry>
<entry key="statistics_10_y">453</entry>
<entry key="dealer_1_x">141</entry>
<entry key="dealer_1_y">258</entry>
<entry key="dealer_2_x">190</entry>
<entry key="dealer_2_y">179</entry>
<entry key="dealer_3_x">340</entry>
<entry key="dealer_3_y">158</entry>
<entry key="dealer_4_x">504</entry>
<entry key="dealer_4_y">155</entry>
<entry key="dealer_5_x">607</entry>
<entry key="dealer_5_y">209</entry>
<entry key="dealer_6_x">630</entry>
<entry key="dealer_6_y">324</entry>
<entry key="dealer_7_x">580</entry>
<entry key="dealer_7_y">401</entry>
<entry key="dealer_8_x">440</entry>
<entry key="dealer_8_y">427</entry>
<entry key="dealer_9_x">260</entry>
<entry key="dealer_9_y">425</entry>
<entry key="dealer_10_x">163</entry>
<entry key="dealer_10_y">376</entry>
<entry key="seatMapping6max_1">2</entry>
<entry key="seatMapping6max_2">3</entry>
<entry key="seatMapping6max_3">4</entry>
<entry key="seatMapping6max_4">7</entry>
<entry key="seatMapping6max_5">8</entry>
<entry key="seatMapping6max_6">9</entry>
<entry key="seatMapping2max_1">3</entry>
<entry key="seatMapping2max_2">8</entry>
<entry key="nameDelta_x">62</entry>
<entry key="nameDelta_y">25</entry>
<entry key="nameAlignment">Center</entry>
<entry key="stackDelta_x">107</entry>
<entry key="stackDelta_y">52</entry>
<entry key="stackAlignment">Right</entry>
<entry key="positionDisplayDelta_x">15</entry>
<entry key="positionDisplayDelta_y">52</entry>
<entry key="positionAlignment">Left</entry>
<entry key="standardColor">255,255,255</entry>
<entry key="activePlayerColor">255,255,128</entry>
<entry key="foldedPlayerColor">30,30,30</entry>
<entry key="action_1_x">172</entry>
<entry key="action_1_y">269</entry>
<entry key="action_2_x">225</entry>
<entry key="action_2_y">177</entry>
<entry key="action_3_x">370</entry>
<entry key="action_3_y">175</entry>
<entry key="action_4_x">585</entry>
<entry key="action_4_y">184</entry>
<entry key="action_5_x">640</entry>
<entry key="action_5_y">276</entry>
<entry key="action_6_x">636</entry>
<entry key="action_6_y">370</entry>
<entry key="action_7_x">579</entry>
<entry key="action_7_y">430</entry>
<entry key="action_8_x">434</entry>
<entry key="action_8_y">432</entry>
<entry key="action_9_x">203</entry>
<entry key="action_9_y">420</entry>
<entry key="action_10_x">155</entry>
<entry key="action_10_y">360</entry>
<entry key="action_align_1">Left</entry>
<entry key="action_align_2">Left</entry>
<entry key="action_align_3">Left</entry>
<entry key="action_align_4">Right</entry>
<entry key="action_align_5">Right</entry>
<entry key="action_align_6">Right</entry>
<entry key="action_align_7">Right</entry>
<entry key="action_align_8">Right</entry>
<entry key="action_align_9">Left</entry>
<entry key="action_align_10">Left</entry>
<entry key="chips_1_x">155</entry>
<entry key="chips_1_y">238</entry>
<entry key="chips_2_x">216</entry>
<entry key="chips_2_y">195</entry>
<entry key="chips_3_x">360</entry>
<entry key="chips_3_y">192</entry>
<entry key="chips_4_x">580</entry>
<entry key="chips_4_y">201</entry>
<entry key="chips_5_x">638</entry>
<entry key="chips_5_y">244</entry>
<entry key="chips_6_x">622</entry>
<entry key="chips_6_y">340</entry>
<entry key="chips_7_x">568</entry>
<entry key="chips_7_y">401</entry>
<entry key="chips_8_x">440</entry>
<entry key="chips_8_y">402</entry>
<entry key="chips_9_x">205</entry>
<entry key="chips_9_y">390</entry>
<entry key="chips_10_x">148</entry>
<entry key="chips_10_y">330</entry>
<entry key="chip_align_1">Left</entry>
<entry key="chip_align_2">Left</entry>
<entry key="chip_align_3">Left</entry>
<entry key="chip_align_4">Right</entry>
<entry key="chip_align_5">Right</entry>
<entry key="chip_align_6">Right</entry>
<entry key="chip_align_7">Right</entry>
<entry key="chip_align_8">Right</entry>
<entry key="chip_align_9">Left</entry>
<entry key="chip_align_10">Left</entry>
<entry key="chipDelta_x">-2</entry>
<entry key="chipDelta_y">3</entry>
<entry key="maxChipsPerStack">5</entry>
<entry key="communityCardLocation_1_x">257</entry>
<entry key="communityCardLocation_1_y">243</entry>
<entry key="communityCardLocation_2_x">312</entry>
<entry key="communityCardLocation_2_y">243</entry>
<entry key="communityCardLocation_3_x">367</entry>
<entry key="communityCardLocation_3_y">243</entry>
<entry key="communityCardLocation_4_x">430</entry>
<entry key="communityCardLocation_4_y">243</entry>
<entry key="communityCardLocation_5_x">493</entry>
<entry key="communityCardLocation_5_y">243</entry>
<entry key="potString_x">400</entry>
<entry key="potString_y">337</entry>
<entry key="potChips_x">539</entry>
<entry key="potChips_y">337</entry>
<entry key="holeCardRearCardsVisibleArea">20</entry>
<entry key="holeCardVerticalVisibleArea">30</entry>
<entry key="animationDuration">1000</entry>
<entry key="animationPreTime">500</entry>
<entry key="actionAnimationStartColor">255,255,255,255</entry>
<entry key="actionAnimationFadeEndColor">17,47,85,0</entry>
<entry key="betStackToTableAnimation">330</entry>
<entry key="betStackToTableAnimationPercentageToStartOn">0.33</entry>
<entry key="betTableToPotAnimation">450</entry>
<entry key="phaseChangeTime">500</entry>
<entry key="holeCardAnimationCardMoveTime">600</entry>
<entry key="holeCardAnimationNewCardEveryMsecs">100</entry>
<entry key="communityCardMoveTime">250</entry>
<entry key="holeCardShowTime">1000</entry>
<entry key="dealerButtonMovement">700</entry>
<entry key="backgroundImage">hhcreator/tischBox24.png</entry>
<entry key="backgroundWithoutSeatsImage">hhcreator/tischBox25.png</entry>
<entry key="seatClipping_1">6,294;162,320;167,172;61,73;0,97;</entry>
<entry key="seatClipping_2">83,0;161,164;334,147;319,0;</entry>
<entry key="seatClipping_3">319,0;334,147;514,137;512,0;</entry>
<entry key="seatClipping_4">512,0;514,137;680,240;675,155;800,100;800,0;</entry>
<entry key="seatClipping_5">800,100;675,155;685,303;800,303;</entry>
<entry key="seatClipping_6">800,303;685,303;635,411;739,563;800,563;</entry>
<entry key="seatClipping_7">739,600;739,563;635,411;510,458;515,600;</entry>
<entry key="seatClipping_8">515,600;510,458;316,458;313,600;</entry>
<entry key="seatClipping_9">313,600;316,458;205,418;125,498;125,600;</entry>
<entry key="seatClipping_10">1,509;125,498;205,418;121,310;21,317;3,331;</entry>
<entry key="cardsDirectory">normal_4color</entry>                                                
<entry key="nameBoxImage">hhcreator/box2.png</entry>
</properties>
