<?xml version="1.0" encoding="UTF-8" standalone="no"?>
<!DOCTYPE properties SYSTEM "http://java.sun.com/dtd/properties.dtd">
<properties>
<entry key="nameBox_1_x">40</entry>
<entry key="nameBox_1_y">170</entry>
<entry key="nameBox_2_x">214</entry>
<entry key="nameBox_2_y">46</entry>
<entry key="nameBox_3_x">430</entry>
<entry key="nameBox_3_y">46</entry>
<entry key="nameBox_4_x">633</entry>
<entry key="nameBox_4_y">46</entry>
<entry key="nameBox_5_x">835</entry>
<entry key="nameBox_5_y">170</entry>
<entry key="nameBox_6_x">835</entry>
<entry key="nameBox_6_y">464</entry>
<entry key="nameBox_7_x">633</entry>
<entry key="nameBox_7_y">583</entry>
<entry key="nameBox_8_x">430</entry>
<entry key="nameBox_8_y">583</entry>
<entry key="nameBox_9_x">214</entry>
<entry key="nameBox_9_y">583</entry>
<entry key="nameBox_10_x">40</entry>
<entry key="nameBox_10_y">464</entry>
<entry key="dealer_1_x">209</entry>
<entry key="dealer_1_y">304</entry>
<entry key="dealer_2_x">281</entry>
<entry key="dealer_2_y">203</entry>
<entry key="dealer_3_x">468</entry>
<entry key="dealer_3_y">182</entry>
<entry key="dealer_4_x">632</entry>
<entry key="dealer_4_y">184</entry>
<entry key="dealer_5_x">758</entry>
<entry key="dealer_5_y">225</entry>
<entry key="dealer_6_x">798</entry>
<entry key="dealer_6_y">380</entry>
<entry key="dealer_7_x">721</entry>
<entry key="dealer_7_y">487</entry>
<entry key="dealer_8_x">557</entry>
<entry key="dealer_8_y">505</entry>
<entry key="dealer_9_x">362</entry>
<entry key="dealer_9_y">505</entry>
<entry key="dealer_10_x">255</entry>
<entry key="dealer_10_y">465</entry>
<entry key="seatMapping6max_1">2</entry>
<entry key="seatMapping6max_2">3</entry>
<entry key="seatMapping6max_3">4</entry>
<entry key="seatMapping6max_4">7</entry>
<entry key="seatMapping6max_5">8</entry>
<entry key="seatMapping6max_6">9</entry>
<entry key="seatMapping2max_1">3</entry>
<entry key="seatMapping2max_2">8</entry>
<entry key="nameDelta_x">84</entry>
<entry key="nameDelta_y">34</entry>
<entry key="stackDelta_x">84</entry>
<entry key="stackDelta_y">50</entry>
<entry key="standardColor">255,255,255</entry>
<entry key="activePlayerColor">255,0,0</entry>
<entry key="foldedPlayerColor">120,120,120</entry>
<entry key="action_1_x">245</entry>
<entry key="action_1_y">291</entry>
<entry key="action_2_x">319</entry>
<entry key="action_2_y">210</entry>
<entry key="action_3_x">502</entry>
<entry key="action_3_y">201</entry>
<entry key="action_4_x">662</entry>
<entry key="action_4_y">210</entry>
<entry key="action_5_x">708</entry>
<entry key="action_5_y">266</entry>
<entry key="action_6_x">723</entry>
<entry key="action_6_y">432</entry>
<entry key="action_7_x">646</entry>
<entry key="action_7_y">482</entry>
<entry key="action_8_x">478</entry>
<entry key="action_8_y">492</entry>
<entry key="action_9_x">308</entry>
<entry key="action_9_y">494</entry>
<entry key="action_10_x">240</entry>
<entry key="action_10_y">444</entry>
<entry key="chips_1_x">246</entry>
<entry key="chips_1_y">317</entry>
<entry key="chips_2_x">318</entry>
<entry key="chips_2_y">233</entry>
<entry key="chips_3_x">489</entry>
<entry key="chips_3_y">228</entry>
<entry key="chips_4_x">622</entry>
<entry key="chips_4_y">233</entry>
<entry key="chips_5_x">705</entry>
<entry key="chips_5_y">303</entry>
<entry key="chips_6_x">707</entry>
<entry key="chips_6_y">393</entry>
<entry key="chips_7_x">625</entry>
<entry key="chips_7_y">445</entry>
<entry key="chips_8_x">470</entry>
<entry key="chips_8_y">450</entry>
<entry key="chips_9_x">318</entry>
<entry key="chips_9_y">450</entry>
<entry key="chips_10_x">250</entry>
<entry key="chips_10_y">396</entry>
<entry key="communityCardLocation_1_x">365</entry>
<entry key="communityCardLocation_1_y">309</entry>
<entry key="communityCardLocation_2_x">420</entry>
<entry key="communityCardLocation_2_y">309</entry>
<entry key="communityCardLocation_3_x">475</entry>
<entry key="communityCardLocation_3_y">309</entry>
<entry key="communityCardLocation_4_x">538</entry>
<entry key="communityCardLocation_4_y">309</entry>
<entry key="communityCardLocation_5_x">601</entry>
<entry key="communityCardLocation_5_y">309</entry>
</properties>
